insert into Customer() VALUES
("c00001","cust1","mob1","Add1"),
("c00002","cust2","mob2","Add2"),
("c00003","cust3","mob3","Add3"),
("c00004","cust4","mob4","Add4"),
("c00005","cust5","mob5","Add5"),
("c00006","cust6","mob6","Add6"),
("c00007","cust7","mob7","Add7"),
("c00008","cust8","mob8","Add8"),
("c00009","cust9","mob9","Add9"),
("c00010","cust10","mob10","Add10"),
("c00011","cust11","mob11","Add11");

insert into Vendor() VALUES
("v00001","vendor1","mob1","Add1"),
("v00002","vendor2","mob2","Add2"),
("v00003","vendor3","mob3","Add3"),
("v00004","vendor4","mob4","Add4"),
("v00005","vendor5","mob5","Add5"),
("v00006","vendor6","mob6","Add6"),
("v00007","vendor7","mob7","Add7");


insert into Category() VALUES
("cat00001","catName1"),
("cat00002","catName2"),
("cat00003","catName3"),
("cat00004","catName4"),
("cat00005","catName5"),
("cat00006","catName6"),
("cat00007","catName7"),
("cat00008","catName8"),
("cat00009","catName9"),
("cat00010","catName10");

insert into Product() VALUES
("p00001","pname1","cat00002","b1",50,89,49,"05/25","v00001",0,"02/23"),
("p00001","pname1","cat00002","b2",70,89,49,"05/26","v00001",0,"04/23"),
("p00003","pname3","cat00006","b1",50,89,49,"06/25","v00003",0,"07/23"),
("p00003","pname3","cat00006","b2",50,89,49,"08/25","v00003",0,"04/23"),
("p00005","pname5","cat00010","b1",50,89,49,"09/25","v00005",0,"09/23"),
("p00006","pname6","cat00001","b1",50,89,49,"03/25","v00006",0,"11/23"),
("p00007","pname7","cat00002","b1",50,89,49,"02/25","v00007",0,"12/23"),
("p00008","pname8","cat00004","b1",50,89,49,"01/25","v00002",0,"01/23"),
("p00009","pname9","cat00005","b1",50,89,49,"08/25","v00001",0,"03/23"),
("p00010","pname10","cat00008","b1",50,89,49,"03/25","v00005",0,"04/23"),
("p00011","pname11","cat00010","b1",50,89,49,"06/25","v00005",0,"08/23"),
("p00012","pname12","cat00003","b1",50,89,49,"07/25","v00006",0,"09/23"),
("p00013","pname13","cat00003","b1",50,89,49,"02/25","v00006",0,"10/23"),
("p00014","pname14","cat00001","b1",50,89,49,"11/25","v00006",0,"05/23"),
("p00015","pname15","cat00005","b1",50,89,49,"11/25","v00001",0,"07/23");

-- insert into Purchases() VALUES
-- ("p1","b1","o1",10,"cust1",890,"11/25")